Hotel_Name,Location,Place,Population,Price,Discount,Rating,Air Conditioning,Minimum_Stay
Capital O 80951 Hotel Radisson Suite,"India, Mumbai", Mumbai,21297000,2819,65% off,104,YES,2
OYO SilverKey Hotel Manas Residency,"Chembur East, Mumbai", Mumbai,21297000,2702,65% off,410,YES,1
OYO Hotel Airport Metro Near Chhatrapati Shivaji International Airport,"Andheri East, Mumbai", Mumbai,21297000,2289,64% off,879,YES,1
Collection O Hotel Kiwi International Near Chhatrapati Shivaji International Airport,"Andheri East, Mumbai", Mumbai,21297000,2094,66% off,75,YES,4
OYO Druv's Taj Palace Near Chhatrapati Shivaji International Airport,"Near Asalpha Metro Station, Dhumai Estate, Mumbai", Mumbai,21297000,2656,65% off,686,YES,7
Collection O Collection O Hotel Jayshree Domestic Airport,"Vile Parle East, Mumbai", Mumbai,21297000,3127,65% off,588,YES,8
OYO Hotel Blue Executive Near Chhatrapati Shivaji International Airport,"On main street, Near Saki Vihar complex, Sakinaka,Mumbai",Mumbai,21297000,2772,65% off,1875,YES,3
OYO Blue Pearl Residency Near Chhatrapati Shivaji International Airport,"On main street, Near Asalpha Metro Station, Ghatkopar, Mumbai",Mumbai,21297000,1921,65% off,995,YES,1
OYO Hotel Blue Sapphire Residency Near Chhatrapati Shivaji International Airport,"Near The Crescent Business Park, Sakinaka, Mumbai",Mumbai,21297000,2220,65% off,1144,YES,5
OYO Hotel Blue Sea Near Chhatrapati Shivaji International Airport,"On main street, Near Asalpha Metro Station, Ghatkopar, Mumbai",Mumbai,21297000,1921,65% off,2051,YES,2
Super OYO Hotel Divine Residency Near Phoenix Marketcity,"Near Chirag Nagar Police Station, LBS Marg, Mumbai",Mumbai,21297000,4069,65% off,644,YES,3
Capital O Hotel Adore Palace,"Sakinaka Jharimari Link Road, Mumbai", Mumbai,21297000,2092,66% off,34,YES,4
OYO Hotel Greenforest Near Airport Road Metro Station,"Near Axis Bank, Customs Colony, Mumbai",Mumbai,21297000,2247,67% off,664,YES,7
Capital O Hotel Pearl Near US Embassy,"Near Wajan Kata Bus Stop, Indira Nagar, Mumbai",Mumbai,21297000,2896,65% off,119,YES,8
OYO Anjali Hotel Mumbai,"Near Kanti Nagar, Andheri East, Mumbai",Mumbai,21297000,2535,67% off,477,YES,5
OYO Rana Residency Near Western Express Highway Metro Station,"Tolany Naka, Sher-e-Punjab Colony, Mumbai",Mumbai,21297000,1916,67% off,589,YES,9
Flagship The Mumbai Inn Near Chhatrapati Shivaji International Airport,"The Mumbai Inn 90 Feet Road Next To Peninsula Near Tilak Nagar Gate Sakinaka Mumbai, Mumbai", Mumbai,21297000,1863,67% off,470,YES,5
OYO Royal Inn Near Versova Beach,"Near Jankidevi Public School Road, Varsova, Mumbai",Mumbai,21297000,2740,67% off,465,YES,7
Capital O Hotel Zaid International NEAR L&T Sakinaka & IIT POWAI,"Near Huntsman Building, Marol, Mumbai",Mumbai,21297000,3273,65% off,711,YES,4
OYO Flagship Om Residency Near Airport Road Metro Station,"Near Ganesh nagar, Marol, Mumbai",Mumbai,21297000,2530,67% off,16,YES,4
SPOT ON Yatra Inn Near Lalbagh Botanical Garden,"Lalbagh, Bangalore", Bangalore,13608000,1040,64% off,2617,NO,4
OYO Townhouse 180 Jayanagar ,"Near Sagar Hospital, Tilak Nagar, Bangalore",Bangalore,13608000,1828,67% off,3524,YES,9
Super OYO Townhouse OAK Spruce Hotels A2 Indiranagar,"India, Bangalore", Bangalore,13608000,1423,75% off,253,YES,3
Super OYO Collection O Sabharwal Residency Near Lalbagh Botanical Garden,"Opposite Shanthinagar, Bangalore", Bangalore,13608000,1410,65% off,429,YES,5
OYO Townhouse Chic 364 Richmond Road Near Cubbon Park,"Near Baldwin Women College, Richmond Town, Bengaluru",Bangalore,13608000,2082,65% off,1457,YES,1
OYO Hotel Townhall,"Near Dhanlakshmi Bank, JC Road, Bangalore",Bangalore,13608000,1070,65% off,1144,NO,6
Collection O Hotel Hemadri Residency,"Opp Saraswati Kalyana Mantapa, Bangalore",Bangalore,13608000,872,67% off,74,NO,1
Super OYO Capital O Boulevard Elite Madiwala Near Ragigudda Sri Prasanna Anjanayeswamy Temple,"B T M Layout, Bangalore",Bangalore,13608000,1365,66% off,2664,YES,9
OYO Sai Ram Residency,"Cubbonpet Main Road, Bangalore",Bangalore,13608000,1092,67% off,207,NO,6
Super OYO  Design Oyo Townhouse OAK Clove Boutique Hotel Rajaji Nagar,"4th Block, Rajaji Nagar, Bangalore",Bangalore,13608000,3053,65% off,1360,YES,10
SPOT ON Hotel Relax Inn Near Banashankari Metro Station,"Banashankari 3rd Stage, Bangalore",Bangalore,13608000,645,77% off,69,NO,9
Super OYO Townhouse 385 Navya International Ramamurthy Nagar Near Phoenix Marketcity,"Near Rammamurthynagar Police Station, Bangalore",Bangalore,13608000,1274,67% off,2655,YES,9
OYO Sree Balaji Residency,"Agrahara Dasarahalli, Rajaji Nagar, Bangalore",Bangalore,13608000,907,67% off,360,NO,5
Super OYO Townhouse 238 Tierra Woods Near Halasuru Metro Station,"Halasuru, Bangalore",Bangalore,13608000,2276,65% off,1675,YES,9
Capital O Champion Lotus Near Mantri Square Mall,"Near IIFT, Vijayanagar, Bangalore",Bangalore,13608000,1339,65% off,1342,YES,5
Capital O Premium Hotel Victoria Heights Near Sri Someshwara Swami Temple,"Near St.Philomena's Hospital, Xavier Layout, Bangalore",Bangalore,13608000,1508,67% off,957,YES,4
Townhouse OAK SRK White Inn Near Ragigudda Sri Prasanna Anjaneyaswamy Temple,"Koramangala, Bangalore",Bangalore,13608000,1427,65% off,1603,YES,5
OYO Hotel Silver House Near Mantri Square Mall,"Arghar Dasrahalli Near Madhu Hospital Opp Maharaja Tent House Reliance Smart Building Magadi Main Road, Bangalore",Bangalore,13608000,844,65% off,494,NO,10
Varcity Emerald Near Ragigudda Sri Prasanna Anjaneyaswamy Temple,"Near KEB Colony, BTM Layout 1, Bangalore",Bangalore,13608000,879,65% off,1965,NO,4
Collection O Hotel Palm Tree,"Near Halasuru Metro Station, Ulsoor, Bangalore",Bangalore,13608000,2566,65% off,1271,YES,8
Super OYO Townhouse 385 Navya International Ramamurthy Nagar Near Phoenix Marketcity,"Near Rammamurthynagar Police Station, Bangalore",Bangalore,13608000,1274,67% off,2655,YES,10
Collection O Hotel Tiara Near Christ university,"Tavarekere Main Rd, Bangalore",Bangalore,13608000,1175,67% off,644,YES,10
Townhouse OAK SRK White Inn Near Ragigudda Sri Prasanna Anjaneyaswamy Temple,"Koramangala, Bangalore",Bangalore,13608000,1427,65% off,1603,YES,2
OYO Sai Ram Residency,"Cubbonpet Main Road, Bangalore",Bangalore,13608000,1092,67% off,207,NO,9
Super OYO Nar Comforts Near Majestic & near KSR Railway station,"NAR Comforts,13, G.K temple street, opp. Vijayalaxmi theater, Chickpet, Bangalore",Bangalore,13608000,1338,64% off,1682,YES,4
Flagship Hotel Royal Comfort Near Cubbon Park,"Gandhinagar, Bangalore",Bangalore,13608000,1357,65% off,60,YES,8
Super OYO Capital O Choice Regal Suites Near Ragigudda Sri Prasanna Anjanayeswamy Temple,"Centrally Located, Near Sagar Hospital, Hombegowda Nagar, Bangalore",Bangalore,13608000,1753,65% off,1337,YES,9
Capital O Champion Lotus Near Mantri Square Mall,"Near IIFT, Vijayanagar, Bangalore",Bangalore,13608000,1339,65% off,1342,YES,2
OYO Hotel Blue Inn,"Near Bilal masjid, Gurappanapalya, Bangalore",Bangalore,13608000,1351,67% off,1393,YES,2
OYO Hotel Silver House Near Mantri Square Mall,"Arghar Dasrahalli Near Madhu Hospital Opp Maharaja Tent House Reliance Smart Building Magadi Main Road, Bangalore",Bangalore,13608000,844,65% off,494,NO,2
Super OYO Flagship Vsv Avenue Hennur Near Sri Amruth Chithra Mandira," landmark Krishna Medical Store) Oposite Krishna Leela Grand Hotel, Bangalore",Bangalore,13608000,1264,65% off,299,YES,8
Super OYO  Design Oyo Townhouse OAK Clove Boutique Hotel Rajaji Nagar,"4th Block, Rajaji Nagar, Bangalore",Bangalore,13608000,3053,65% off,1360,YES,6
Collection O Hotel Palm Tree,"Near Halasuru Metro Station, Ulsoor, Bangalore",Bangalore,13608000,2566,65% off,1271,YES,7
OYO Townhouse 76427 Hotel Skyline Near Banashankari Metro Station,"B S K 2nd Stage, Bangalore",Bangalore,13608000,1406,65% off,352,YES,4
OYO Flagship HOTEL SKYSPACE Near Hare Krishna Hill,"Yeswantpur Near Railway Station, Bangalore",Bangalore,13608000,1140,65% off,358,YES,4
SPOT ON 810480 Canton Lodging And Boarding,"Karnataka, Bangalore",Bangalore,13608000,872,67% off,17,NO,6
Collection O Onyx International Near Ragigudda Sri Prasanna Anjaneyaswamy Temple,"Karnatakanull, Bangalore",Bangalore,13608000,1334,67% off,332,YES,5
OYO Mn Residency Near Ragigudda Sri Prasanna Anjaneyaswamy Temple,"Madiwala,  South Zone, Bengaluru, Bangalore South, Bangalore Urban, Karnataka, - 560034, India Bangalore.",Bangalore,13608000,1257,67% off,1061,YES,9
OYO Home Leva Homes Near Baiyappanahalli Metro Station,"Mahadevapura Zone, Bangalore",Bangalore,13608000,1236,65% off,1013,YES,4
Super OYO Capital O Chetana Inn,"Centrally Located, Near Shanti Niketan School, Kodigehalli, Bangalore",Bangalore,13608000,1352,64% off,1549,YES,9
Super OYO Capital O Choice Regal Suites Near Ragigudda Sri Prasanna Anjanayeswamy Temple,"Centrally Located, Near Sagar Hospital, Hombegowda Nagar, Bangalore",Bangalore,13608000,1753,65% off,1337,YES,1
Super OYO Capital O Blooms Stay Inn Near Snow City,"Bangalore Urban, Bangalore",Bangalore,13608000,2063,65% off,663,YES,10
Super OYO Townhouse 273 Hosur Main Road Bommanahalli Near Gopalan Innovation Mall,"Near krishna Theature Bommanahalli, Hosur main road, Bangalore",Bangalore,13608000,2302,65% off,1983,YES,7
OYO Nra Residency Near Rajarajeshwari Nagar Metro Station,"Rajarajeshwari Nagar, Bangalore",Bangalore,13608000,759,68% off,416,NO,2
Super OYO Flagship Vsv Avenue Hennur Near Sri Amruth Chithra Mandira," landmark Krishna Medical Store) Oposite Krishna Leela Grand Hotel, Bangalore",Bangalore,13608000,1264,65% off,299,YES,6
Super OYO Capital O SS Suites Near Ragigudda Sri Prasanna Anjaneyaswamy Temple,Above Vishal Mega mart,Bangalore,13608000,1513,67% off,1488,YES,7
Collection O Nandi Comforts,"Yeshwantpur, Bangalore",Bangalore,13608000,872,70% off,52,NO,6
Flagship Hotel Royal Comfort Near Cubbon Park,"Gandhinagar, Bangalore",Bangalore,13608000,1357,65% off,60,YES,9
Capital O Hotel Shanti Nivas Near Hare Krishna Hill,"Near Yeshwanthpur , Sri Raghavendra Layout, Bangalore",Bangalore,13608000,1159,65% off,807,YES,6
Capital O Prime Residency,"Near Perseverance HBR, Saint Thomas Town, Bangalore",Bangalore,13608000,1339,65% off,795,YES,10
Capital O Safari Rooms Near Snow City,"India Bangalore Karnatakaindia, Bangalore",Bangalore,13608000,1316,68% off,160,YES,5
Super OYO Capital O Chetana Clove,"Near Shanti Niketan School, Maruthinagar, Bangalore",Bangalore,13608000,1397,65% off,1653,YES,9
Super OYO Collection O 85404 Valleyton Park,"Near Manyata Tech Park,HBR Layout,Outer Ring Road,Bangalore",Bangalore,13608000,1261,68% off,593,YES,8
OYO Townhouse 76427 Hotel Skyline Near Banashankari Metro Station,"B S K 2nd Stage, Bangalore",Bangalore,13608000,1406,65% off,352,YES,6
OYO Flagship HOTEL SKYSPACE Near Hare Krishna Hill,"Yeswantpur Near Railway Station, Bangalore",Bangalore,13608000,1140,65% off,358,YES,10
SPOT ON Janapriya Lodge Near Hare Krishna Hill,"Bangalore Urban, Bangalore",Bangalore,13608000,781,67% off,372,NO,2
Santa Maria Near Indiranagar Metro Station,"Jeevan Bhima Nagar, Bangalore",Bangalore,13608000,1384,65% off,707,YES,10
Super OYO Townhouse 149 Siri Residency,"Bhuvaneswari Nagar, Bangalore",Bangalore,13608000,1716,64% off,887,YES,2
Super OYO Capital O High end Withinn Hotel Near Hare Krishna Hill,"Near NIAS, Mathikere Extension, Bangalore",Bangalore,13608000,1873,65% off,993,YES,1
Collection O Royal Elevar,"Dasarahalli, Bangalore",Bangalore,13608000,1018,65% off,630,NO,2
OYO Mn Residency Near Ragigudda Sri Prasanna Anjaneyaswamy Temple,"Madiwala,  South Zone, Bengaluru, Bangalore South, Bangalore Urban, Karnataka, - 560034, India Bangalore.",Bangalore,13608000,1257,67% off,1061,YES,1
OYO The Royal International Hotel,"Near Robert Bosch Company, Mangammanapalya, Bangalore",Bangalore,13608000,1140,65% off,822,YES,7
SPOT ON 76191 Sahara Lodge,"Yeshwanthapura, Bangalore",Bangalore,13608000,670,68% off,353,NO,9
OYO Hotel Golden Arch Near Palace Ground,"Near Vijayanagar police station, MC Layout, Bangalore",Bangalore,13608000,1077,67% off,202,NO,3
Collection O Onyx International Near Ragigudda Sri Prasanna Anjaneyaswamy Temple,"Karnatakanull, Bangalore",Bangalore,13608000,1334,67% off,332,YES,10
Collection O Hotel Supreme Suites Near Sri Amruth Chithra Mandira,"14/15 14 And 15 L V Complex Munireddy Layout Horamavu Banaswadi, Bangalore",Bangalore,13608000,1023,67% off,126,NO,4
Collection O Hotel Status Executive Room's,"Near Old Airport Road, Bangalore",Bangalore,13608000,1344,69% off,39,YES,7
Super OYO Collection O Ctc Gardenia Residency Near Lalbagh Botanical Garden,"Opp Urvashi Theatre, Bangalore",Bangalore,13608000,1921,65% off,318,YES,8
SPOT ON Srinivasa Boarding And Lodging Near Vijayanagar Metro Station,"Near N R Colony, Sajjepalya, Bangalore",Bangalore,13608000,670,67% off,432,NO,9
OYO Flagship 37297 N R Deluxe,"Near Prashant Hospital, Bangalore",Bangalore,13608000,649,85% off,59,NO,5
Capital O N R Comforts Near Nexus Mall Koramangala,"Koramangala, Bangalore",Bangalore,13608000,1095,64% off,178,NO,9
Capital O Royal Manyata,"Gate Number 4, Bangalore",Bangalore,13608000,1194,65% off,854,YES,2
Super OYO Townhouse 490 Indiranagar Extn,"Bangalore, Bangalore",Bangalore,13608000,1473,67% off,923,YES,8
Collection O Sln Suites,"Behind Baptist Hospital, Hebbal",Bangalore,13608000,1670,65% off,244,YES,5
Capital O Elite Stay Jp Nagar Near Ragigudda Sri Prasanna Anjaneyaswamy Temple,"6th Phase, Bangalore",Bangalore,13608000,1452,65% off,926,YES,6
Flagship Sai Vishram,"26/1 sheshadri Road  Anandrao Circle Gandhi Nagar, Bangalore",Bangalore,13608000,1061,65% off,38,NO,10
Super OYO Flagship Blooms Residency Near Baiyappanahalli Metro Station,"Bangalore East, Bangalore",Bangalore,13608000,1800,65% off,750,YES,6
OYO Royal Grand Residency Near Lalbagh Botanical Garden,"Bangalore Karnataka, Bangalore",Bangalore,13608000,1164,64% off,586,YES,7
OYO Flagship Varcity Plaza Near Ragigudda Sri Prasanna Anjaneyaswamy Temple,"Near Cross Road, Maruti Nagar, Bangalore",Bangalore,13608000,1272,75% off,588,YES,9
OYO 18544 Amm Residency,"Mavalli, Bengaluru",Bangalore,13608000,1191,67% off,2,YES,9
Townhouse 038 Global Wings Hotels Near Sri Amruth Chithra Mandira,"Kammanahalli, Bangalore",Bangalore,13608000,1517,65% off,675,YES,10
Flagship Gn Nelli Rooms Near CMR University,"Bengalore-43, Bangalore",Bangalore,13608000,1050,64% off,240,NO,3
Townhouse OAK Hotel Prime,"Near Karnataka Bank, Babusapalya Main Road, Bangalore",Bangalore,13608000,2061,65% off,917,YES,6
OYO Hotel Blue Inn,"Near Bilal masjid, Gurappanapalya, Bangalore",Bangalore,13608000,1351,67% off,1393,YES,3
OYO Hotel Fiesta Grand,"Near Mariyappa Road, Jayanagar Ward, Bangalore",Bangalore,13608000,1262,64% off,225,YES,2
Collection O Tierra Woods,"Bangalore , Bangalore",Bangalore,13608000,1628,65% off,102,YES,1
OYO Flagship 79381 DM Residency Near Goraguntepalya Metro Station,"Rajarajeshwari Nagar Zone, Bangalore",Bangalore,13608000,977,67% off,179,NO,8
OYO Flagship 811000 Atithi Comforts,"Yeshwantpur, Bangalore",Bangalore,13608000,981,67% off,6,NO,1
OYO Royal Inn Near Iskcon Temple Bangalore,"Near 14th Main Road, Rajaji Nagar, Bangalore",Bangalore,13608000,988,67% off,278,NO,3
OYO Flagship 810144 Sunder Nivas,"Yeshwantpur, Bangalore",Bangalore,13608000,911,67% off,28,NO,8
Super OYO Capital O King Suites -hennur Near D Mart,"East Zone, Bangalore",Bangalore,13608000,1293,65% off,164,YES,7
Super OYO Capital O Savi International Near Bengaluru Palace,"Near Mantri Square Mall, Sheshadripuram, Bangalore",Bangalore,13608000,2099,65% off,1044,YES,5
OYO Hotel Diva Residency Near Nayandahalli Metro Station,"Near Syndicate Bank, Gandhi Nagar, Banglore",Bangalore,13608000,1228,68% off,20,YES,5
OYO Home Exotic Stay Bsk 3rd Stage,"Katriguppe, Bangalore",Bangalore,13608000,1282,64% off,568,YES,8
Flagship Pride Inn,"14 Cross Hosur Main Road, Bangalore",Bangalore,13608000,1289,64% off,373,YES,6
OYO Hotel Turista,"Near Central Silk board, BTM Layout, Bangalore",Bangalore,13608000,910,67% off,1086,NO,7
Super OYO Flagship Majestic Near Lalbagh Botanical Garden,"Near Majestic Railway Station, Akkipete, Bangalore",Bangalore,13608000,1509,65% off,1158,YES,4
OYO Home Leva Homes Near Baiyappanahalli Metro Station,"Mahadevapura Zone, Bangalore",Bangalore,13608000,1236,65% off,1013,YES,6
Capital O Gn Suites Near OM SHAKTHI TEMPLE,"Near Sub Registrar Office, Banaswadi, Bangalore",Bangalore,13608000,1734,65% off,771,YES,4
OYO Townhouse 093 Ramamurthy Nagar Near Baiyappanahalli Metro Station,"Near Ramamurthy Nagar Signal, Bangalore,Karnataka",Bangalore,13608000,1901,65% off,769,YES,3
Collection O 812451 The Grand Budget Hotel,"Karnataka , Bangalore",Bangalore,13608000,1536,67% off,93,YES,1
Flagship My Own Nest Near Ragigudda Sri Prasanna Anjaneyaswamy Temple,"Near Srinivasa Temple, Bangalore",Bangalore,13608000,1342,65% off,223,YES,2
OYO Flagship 5590 Ujwal Residency,"Near Indian Oil Petrol Bunk, Divanarapalya, Bangalore",Bangalore,13608000,1179,67% off,20,YES,5
OYO Flagship 810304 New Pavithra Paradise,"No 462 3rd Phase 3rd Block Havanur Circle Basaveshwaranagar Bangalore, Bangalore",Bangalore,13608000,1071,64% off,278,NO,3
OYO Sri Sai Guru Comforts,"Near Kodigihalli Gate, Byatarayanapura, Bangalore",Bangalore,13608000,1159,65% off,75,YES,9
Flagship Elite Stay Near Ragigudda Sri Prasanna Anjaneyaswamy Temple,"Jp Nagar, Bangalore",Bangalore,13608000,1392,65% off,14,YES,4
SPOT ON 810681 Vasavi Residency,"Bangalor, Bangalore",Bangalore,13608000,725,70% off,27,NO,1
OYO Flagship 810484 Royal Galaxy Lodge,"05th road cross Iblur bus stop. opposite Colombia asia hospital.sarjapur outer ring road. , Bangalore",Bangalore,13608000,743,72% off,661,NO,4
Capital O 70991 Prime Square ,"Centrally Located, Near Kalyan Nagar Bus Stand, 1st stage, Bangalore",Bangalore,13608000,1377,65% off,231,YES,2
OYO Royal Residency Near Hare Krishna Hill,"Near Taj Yeshwantpur, M S K Nagar, Bangalore",Bangalore,13608000,1088,65% off,254,NO,4
OYO 8501 ABHIMAANI COMFORTS,Kanakpura main road metro pillar number 45 nearby Banashankari metro station JP Nagar,Bangalore,13608000,1403,65% off,271,YES,2
Flagship S M Residency Near Mysore Road Metro Station,"Nagarbhavi, Bangalore", Bangalore,13608000,1276,64% off,14,YES,3
Flagship Sree Nandanam Residency,"Bengaluru, Bangalore", Bangalore,13608000,1014,67% off,837,NO,9
OYO Townhouse 076 Hebbal,"Dasarahalli, Bangalore", Bangalore,13608000,1950,65% off,514,YES,9
Super OYO Exotica Hotels Near Ragigudda Sri Prasanna Anjaneyaswamy Temple,"Near Jayadeva Flyover, BTM Layout, Bangalore",Bangalore,13608000,1876,64% off,126,YES,1
OYO Flagship V R Residency Near Sri Amruth Chithra Mandira,"Centrally Located, Near 4th block, HBR Layout, Bangalore",Bangalore,13608000,1398,65% off,96,YES,3
Collection O 62387 Emara Grand Hotel,"H S R Layout, Bangalore",Bangalore,13608000,2489,65% off,8,YES,1
OYO Flagship 80878H Century Gardens,"Bengaluru, Bangalore",Bangalore,13608000,1412,65% off,203,YES,5
Hotel Telehaus International Near Lalbagh Botanical Garden,"Near Karnataka Bank, Shanti Nagar, Bangalore",Bangalore,13608000,2099,65% off,99,YES,7
OYO Townhouse 078 DODDA BANASWADI,"Near Udupi Upachar, Lakshmamma Layout, Bangalore",Bangalore,13608000,2082,65% off,287,YES,4
Flagship Hotel Amster Inn,"Near Mysore RD. Metro Station, FCI Layout, Bangalore",Bangalore,13608000,1500,65% off,1,YES,4
Collection O 812391 Sri Skanda Inn,"Venugopal Reddy Layout, Bangalore",Bangalore,13608000,1384,67% off,4,YES,4
Collection O B Six Hotel,"Kalasipalyam Main Road, Bangalore",Bangalore,13608000,2392,65% off,159,YES,10
OYO Flagship 810923 Hotel Shiva International,"Bangalore, Bangalore",Bangalore,13608000,1286,68% off,13,YES,4
Collection O Fortune Rooms,"Karnataka , Bangalore",Bangalore,13608000,1538,65% off,14,YES,6
Collection O Ira International Boutique Hotel,"India, Bangalore",Bangalore,13608000,2211,65% off,7,YES,6
OYO Flagship 81138 Gm royals,"Karnataka, Bangalore",Bangalore,13608000,643,69% off,13,NO,1
Collection O Metro O Comforts,"JP Nagar Metro Station, JP Nagar, Bangalore",Bangalore,13608000,1566,65% off,23,YES,6
OYO Flagship 810805  My Own Nest II Ramamurthy Nagar,"Devki Apparao Layout, Bangalore",Bangalore,13608000,1442,67% off,90,YES,8
Palette - Hotel Metro View Inn,"India, Bangalore",Bangalore,13608000,2601,47% off,9,YES,4
OYO Flagship 69693 The Royal Park ,"Near OYE Amritsar, New Tippasandra, Banglore",Bangalore,13608000,2339,65% off,1,YES,7
OYO Flagship 44601 Cloud Stay,"Near Sai Baba Temple, Kudlu Gate, Bangalore",Bangalore,13608000,1773,65% off,417,YES,1
Collection O 809961 New Royal Serenity Inn,"India , Bangalore",Bangalore,13608000,1772,65% off,1248,YES,4
Super OYO Flagship Archana Inn Near Lalbagh Botanical Garden,"Near Minerva Circle, JC Road, Bangalore",Bangalore,13608000,1189,65% off,137,YES,2
Collection O Premium Eden Au Lac Near Sri Someshwara Swami Temple,"Near Indiranagar Police Station, Indiranagar, Bangalore",Bangalore,13608000,1953,64% off,200,YES,3
OYO Flagship 92604 Sp Residency Near Ragigudda Sri Prasanna Anjaneyaswamy Temple,"Btm 2nd Stagenull, Bangalore",Bangalore,13608000,890,73% off,185,NO,10
OYO Flagship NR Residency Near Nexus Mall Koramangala,"Near Teacher's colony Park, Jakkasandra, Bangalore",Bangalore,13608000,1050,76% off,249,NO,8
OYO Flagship 7558 Galaxy Inn,"Shivaji Nagar, Bangalore",Bangalore,13608000,1781,65% off,63,YES,3
OYO Nr Royal Near Nexus Mall Koramangala,"Sector 6, HSR Layout Ward, Bommanahalli Zone, Bengaluru, Bangalore South, Bangalore Urban, Karnataka",Bangalore,13608000,1272,65% off,1273,YES,10
OYO Flagship 13043 SREE SAI SUITES,"Near SBI Bank, RT Nagar Main Road, Bangalore",Bangalore,13608000,1672,65% off,2372,YES,3
Super OYO Flagship Olivia Comforts Near Nexus Mall Koramangala,"Near Eat Street, Kormangala, Bangalore",Bangalore,13608000,2717,67% off,4151,YES,4
Super OYO Collection O Compact Green View Near Nexus Mall Koramangala,"Near Ejipura Bus stand, Ashwini Layout, Bangalore",Bangalore,13608000,598,71% off,1101,NO,1
Super OYO Flagship Varcity Phi Premium Pavilion Near Ragigudda Sri Prasanna Anjanayeswamy Temple,"B T M Layout, Bangalore",Bangalore,13608000,1361,64% off,1995,YES,6
Flagship White Fort Near Lalbagh Botanical Garden,"Dispensary Rd, Kalasipalya,Bangalore",Bangalore,13608000,572,68% off,1762,NO,5
Capital O Elegant Amethyst Business Hotel Near Ragigudda Sri Prasanna Anjaneyaswamy Temple,"5th Block, Jayanagar, Bangalore",Bangalore,13608000,576,72% off,1434,NO,2
Super OYO Hotel Subha Residency Near Cubbon Park,"Majestic, Bangalore",Bangalore,13608000,677,75% off,431,NO,3
Capital O Victorian Comforts Near Sri Someshwara Swami Temple,"Near Adams Creation, Victoria Layout, Bangalore",Bangalore,13608000,581,75% off,165,NO,6
Flagship Hotel Gurudev Residency Near Cubbon Park,"Gandhi Nagar, Bangalore",Bangalore,13608000,1519,65% off,1004,YES,5
SPOT ON Hotel Sri Thirumala Lodge,"Opp BHEL, Bangalore",Bangalore,13608000,960,67% off,888,NO,6
Collection O Naidu Palace Near Iskcon Temple Bangalore,"Near Dhobi Ghat junction, Rajajinagar, Bangalore",Bangalore,13608000,1066,67% off,103,NO,4
Super OYO Townhouse 258 Spruce Hotels Bellandur,"Bellandur, Bangalore",Bangalore,13608000,819,67% off,129,NO,4
Collection O 808132 Status Suites,"Bangalore , Bangalore",Bangalore,13608000,768,67% off,798,NO,6
OYO Exotic Stay Bg Road,"Bangalore Urban, Bangalore",Bangalore,13608000,699,80% off,2919,NO,3
SPOT ON A Class Suites Near Hare Krishna Hill,"Bangalore Urban, Bangalore",Bangalore,13608000,599,76% off,943,NO,9
OYO Varcity Park Near Ragigudda Sri Prasanna Anjaneyaswamy Temple,"Near SV Hospitals, Madiwala, Bangalore",Bangalore,13608000,576,77% off,562,NO,8
Flagship Aayush Corporate Stays Near Nexus Mall Koramangala,"Near Maharaja Signal, Kormangala, Bangalore",Bangalore,13608000,576,67% off,709,NO,8
OYO Shree Mookambika Guest House Near Sri Someshwara Swami Temple,"Kormangla, Bangalore",Bangalore,13608000,549,72% off,1086,NO,10
OYO Corner Golf View Near Sri Someshwara Swami Temple,"Domlur, Bangalore",Bangalore,13608000,808,74% off,1320,NO,6
Home Shiva Shakthi Inn Near Ragigudda Sri Prasanna Anjaneyaswamy Temple,"J P Nagar, Bangalore",Bangalore,13608000,899,65% off,2881,NO,4
Super OYO Hotel Resida Elite Service Apartments Near Sri Someshwara Swami Temple,"Near Domlur Bridge, Indiranagar, Bangalore",Bangalore,13608000,1049,67% off,140,NO,8
Super OYO Townhouse 610 Derawal Nagar,"Near Vinayak Hoptiat, Gujranwala Town, Delhi",Delhi,32941000,2011,65% off,3508,YES,10
OYO Shubh Guest House,"C1/64 Main Sarvice Road Soniya Vihar 3 Rd Pusta, Delhi",Delhi,32941000,1002,65% off,337,NO,8
OYO Townhouse 868 Dream Connect Near TDI Mall,"Wz-3 Opp Pillor No 322 Moti Nagar Delhi, Delhi",Delhi,32941000,1282,64% off,61,YES,3
OYO Blue Diamond Near Jahangirpuri Metro Station,"Opp. Metro Pillar No. 102, Near Sai Baba Mandir, Adarsh Nagar, Delhi",Delhi,32941000,921,67% off,864,NO,6
Flagship Hotel Diamond Tree,"New Delhi, Delhi",Delhi,32941000,1252,65% off,848,YES,2
OYO The Chill Palace Near Haiderpur Metro Station,"North West Delhi, Delhi",Delhi,32941000,1552,67% off,4273,YES,10
Flagship The Mayur Hotel ,"Tri Nagar, Delhi",Delhi,32941000,1441,67% off,170,YES,7
OYO Hotel Landmark Inn,Near Karol Bagh Metro Station,Delhi,32941000,576,67% off,249,NO,4
Flagship Hotel Happy Moments,"Near Divine Hospital, Delhi",Delhi,32941000,759,67% off,735,NO,3
Collection O Radisson Blue Hotel Nearby Khajuri chowk-Signature Bridge,"Bhajanpura, Delhi",Delhi,32941000,643,69% off,427,NO,6
Flagship Kashish Residency Near Model Town Metro Station,"Ashok Vihar-3, Delhi",Delhi,32941000,1048,67% off,180,NO,1
OYO Flagship 812491 Hotel Siddhartha Guest House,"Seelampur, Delhi",Delhi,32941000,811,68% off,75,NO,7
OYO Hotel New Tech India,"Near Jhandewalan, Nai Walan, Delhi",Delhi,32941000,845,67% off,23,NO,8
Flagship Sr Residency Near CCD,"Block B, Delhi",Delhi,32941000,549,69% off,49,NO,3
OYO Home Hotel New Singh Near Adarsh Nagar Metro Station,"Near Metro Pillar No 103, Delhi",Delhi,32941000,899,77% off,342,NO,3
OYO 81212 White House Residency Near Haiderpur Metro Station,"108,Street Number 3, Shalimar Bagh Village, New Delhi",Delhi,32941000,839,67% off,168,NO,7
OYO Flagship 810701 Mayura Residency,"Maharam Mohalla, Delhi",Delhi,32941000,966,67% off,2171,NO,3
OYO Townhouse 816 The Diamond Tree Near Dilshad Garden Metro Station,D-75 near dilshad garden metro station,Delhi,32941000,576,73% off,1289,NO,3
OYO Hotel Prince Near Haiderpur Metro Station,"Haiderpur Village, Delhi",Delhi,32941000,666,67% off,769,NO,4
Flagship Hotel Grow More Near Shiv Mandir,"East Babarpur, Delhi",Delhi,32941000,951,67% off,610,NO,4
Super OYO Townhouse 057 Gujranwala Town Near Azadpur Metro Station,"Tehsil, Delhi",Delhi,32941000,996,67% off,545,NO,8
OYO Hotel J Joy,"MAIN FAIZ ROAD  Above SBI BANK), KAROL BAGH",Delhi,32941000,1321,70% off,1807,YES,7
OYO Hotel Sun City Near Gurudwara Shri Bangla Sahib,"Near Karol Bagh, Channa Market, Delhi",Delhi,32941000,799,73% off,103,NO,6
OYO Sushma Ssadan,"Sawan Park Ashok Vihar Phase 3 Model Town Tehsil, Delhi",Delhi,32941000,1384,67% off,15,YES,2
OYO Flagship 2064 Hotel The Spot,"New Delhi, Delhi",Delhi,32941000,599,66% off,118,NO,5
OYO Hotel City Castle,"Near Karol Bagh, Nai Walan, Delhi",Delhi,32941000,916,67% off,17,NO,2
Flagship Hotel S Inn,"Paharganj New Delhi, Delhi",Delhi,32941000,575,72% off,11,NO,1
OYO Flagship 81012 S P Rooms,"Mahendra Park, Delhi",Delhi,32941000,1768,65% off,148,YES,8
OYO Kochar Plaza Near Satyam Inox Patel Nagar,"Near Liberty Cinema, New Rohtak Rd, Delhi",Delhi,32941000,1084,67% off,43,NO,6
OYO Flagship 810341 Hotel Royal Plaza,"wz 523/1 bali nagar extension, Delhi",Delhi,32941000,1794,65% off,7,YES,2
Collection O 811864 Hotel Aura Stay,"Paharganj, Delhi",Delhi,32941000,776,67% off,62,NO,1
Flagship Hotel Happiness Inn Near Tdi Mall,"Karampura, Delhi",Delhi,32941000,1236,67% off,4,YES,3
OYO Flagship 810642 Hotel KD Homes,"wazirabad near book shop opposite mohalla clinic Delhi, Delhi",Delhi,32941000,1115,67% off,36,YES,6
OYO Ms Residency,"Near to Aarash nagar metro station pillar no:-104, Delhi",Delhi,32941000,1490,67% off,65,YES,7
OYO Flagship 35359 Hotel Victoria Dx,"Near New Delhi Railway Station, Delhi",Delhi,32941000,851,67% off,17,NO,1
OYO 811030 Ocean Guest House,"Brij Puri, Delhi",Delhi,32941000,1156,67% off,28,YES,10
OYO Flagship 81042 Step Inn International,"Delhinull, Delhi",Delhi,32941000,1152,67% off,2,YES,2
Flagship Hotel Sun Shine,"Shakarpur Main Market, Delhi",Delhi,32941000,1005,67% off,913,NO,3
OYO Flagship 811700 Hotel Iconiic Residency Inn,"Old Rajendra Nagar delhinull, Delhi",Delhi,32941000,1156,67% off,325,YES,2
OYO Flagship 811671 Hotel Swagat Dx,"New Delhi, Delhi",Delhi,32941000,910,67% off,310,NO,2
OYO 78699 Hotel Klick International,", Delhi",Delhi,32941000,807,70% off,28,NO,10
Collection O Hotel Ambience Near Gurudwara Shri Bangla Sahib,"Near New Delhi Railway Station, Delhi",Delhi,32941000,583,67% off,197,NO,9
OYO Hotel Delhi Delight Near Sarai Rohilla Railway station,"Near Sarai Rohilla Railway Station, Delhi",Delhi,32941000,1996,64% off,102,YES,3
Flagship Hotel V K Stay,"Aarakashan Road  near Delhi Railway Station), Delhi",Delhi,32941000,1360,65% off,1036,YES,7
OYO Kl Khari Near Satyam Inox Patel Nagar,"Industrial Area, Delhi",Delhi,32941000,899,69% off,992,NO,4
OYO Shoolin Residency Near M2k Cinemas Rohini,"Near M2k Cinema, Delhi",Delhi,32941000,770,66% off,3198,NO,6
Flagship Dream Inn Near Akshardham,"Chander Vihar Near Aggarwal Sweets East Delhi, Delhi",Delhi,32941000,651,71% off,17,NO,1
OYO Townhouse 511 Prakash continental Near Netaji Subhash Place Metro Station,"Netaji Subash Palace, Delhi",Delhi,32941000,1670,65% off,651,YES,4
OYO Hotel Sun Palace,"Karol Bagh, Delhi",Delhi,32941000,1000,67% off,787,NO,4
OYO Townhouse 118 Gagan Vihar Near V3S Mall,"Near RG Stone hospital , Hargobind Enclave, Delhi",Delhi,32941000,1004,67% off,10,NO,9
OYO Flagship 80769 Seven Heaven ,"B-54 Lawrence Road Industrial Area Near Lawrence Road, Delhi",Delhi,32941000,1670,65% off,311,YES,7
Capital O Season Grand Near Pitampura metro station,Near Pitampura metro station,Delhi,32941000,799,79% off,560,NO,9
OYO 74596 Dream Town Near V3S Mall,"Shahdara, Delhi",Delhi,32941000,1444,67% off,389,YES,4
OYO Flagship 812357 Hotel Landmark Deluxe,"Karol Bagh, Delhi",Delhi,32941000,2101,65% off,18,YES,9
Flagship King Stay Near Tdi Mall,"Block N, Delhi",Delhi,32941000,1414,67% off,113,YES,9
Flagship Hotel BR International,"Paharganj, Delhi",Delhi,32941000,581,67% off,31,NO,7
OYO Hotel Bramhaputra,"Centrally Located, Near New Delhi Railway Station, Delhi",Delhi,32941000,599,74% off,171,NO,7
OYO Flagship 27928 Hotel Vintage ,"Near RK Ashram Metro station, Delhi",Delhi,32941000,549,82% off,235,NO,5
Flagship Ram Bnb,"Faiz Road Karol Bagh New Delhi, Delhi",Delhi,32941000,1029,67% off,606,NO,2
OYO Flagship 80289 Hotel Neha Inn Near Jama Masjid,"Paharganj  near Delhi Railway Station)null, Delhi",Delhi,32941000,1628,65% off,16,YES,8
Flagship Hotel Cozzy Homes Stay Near Gurudwara Shri Bangla Sahib,"Raje Der Nagar, Delhi",Delhi,32941000,770,66% off,98,NO,1
Flagship Rs Hotels Near M2k Cinemas Rohini,"Shiva Market, Delhi",Delhi,32941000,910,67% off,757,NO,2
OYO Townhouse 1130 262 Kailash Enclave Near M2K Cinemas Rohini,"Harsh Vihar, Delhi",Delhi,32941000,576,67% off,551,NO,5
OYO Flagship 66745 Le Orange,"8880-81, Gali Number 2, Multani Dhanda, Paharganj, New Delhi, Delhi - 110055",Delhi,32941000,1345,65% off,918,YES,6
OYO Le Alfanso Near Jama Masjid,"Near New Delhi Railway Station, Delhi",Delhi,32941000,599,74% off,2,NO,5
OYO Hotel Park View Near Adarsh Nagar Metro Station,"Near Adarsh nagar, Matmy Memar, Delhi",Delhi,32941000,957,67% off,1343,NO,2
Flagship Green High Near Laxmi Nagar Metro Station,"NEAR FRUIT POWER, Laxmi Nagar Metro Station, Delhi",Delhi,32941000,839,67% off,29,NO,9
OYO Townhouse 286 Near Kohat Enclave Metro Station ,"Near Pitampura Metro Station, Delhi",Delhi,32941000,744,68% off,82,NO,4
OYO Flagship 69760 Hotel Anchal Deluxe,"Near New Delhi Railway Station, Delhi",Delhi,32941000,731,70% off,722,NO,4
Collection O Ramji 7 Grand Near Tdi Mall,"Near Kirti Nagar Metro Station, Delhi",Delhi,32941000,852,69% off,1020,NO,8
Collection O Metro View Ashok Vihar Near Shalimar Bagh Metro Station,"Pocket C 1, Delhi",Delhi,32941000,1481,65% off,82,YES,10
OYO Flagship 81569 The Red Rose Inn,"India, Delhi",Delhi,32941000,677,75% off,856,NO,1
OYO Hotel Grand Peepal,"Near Karol Bagh metro, WEA, Delhi",Delhi,32941000,1005,67% off,6,NO,10
OYO Hotel J P Inn Near Satyam Inox Patel Nagar,"Near Patel Nagar Metro, Block 1, Delhi",Delhi,32941000,1360,65% off,80,YES,4
OYO Flagship R K Residency Near Jhilmil Metro Station,"488/5a Mcd Primary School Dilshad Garden, Delhi",Delhi,32941000,549,69% off,319,NO,9
Meet You There Shakarpur,"Shakarpur Laxmi Nagar Metro, Delhi",Delhi,32941000,1767,65% off,395,YES,9
Hotel City Plaza,"Near Laxmi Nagar, Delhi",Delhi,32941000,1360,65% off,757,YES,5
Flagship Hotel R.k Near Akshardham,"Near South Ganesh Nagar, Delhi",Delhi,32941000,996,67% off,31,NO,10
Collection O Hotel Green Palace Near V3S Mall,"H.no.-a3 Block A Jagat Puri Red Light Near Sbi Bank Jagat Puri East Delhi, Delhi",Delhi,32941000,595,68% off,15,NO,8
Super OYO 703579 Flagship Santosh Residency Near V3s Mall,"Vishwas Nagar, Delhi",Delhi,32941000,1414,67% off,166,YES,10
OYO Hotel Park View Near Adarsh Nagar Metro Station,"Near Adarsh nagar, Matmy Memar, Delhi",Delhi,32941000,1767,65% off,6,YES,5
OYO Flagship 80289 Hotel Neha Inn Near Jama Masjid,"Paharganj  near Delhi Railway Station)null, Delhi",Delhi,32941000,731,70% off,4,NO,1
OYO Flagship 81012 S P Rooms,"Mahendra Park, Delhi",Delhi,32941000,1360,65% off,4,YES,10
OYO Hotel Crown Continental Near Sarai Rohilla Railway Station,"11005, Delhi",Delhi,32941000,800,67% off,53,NO,5
Hotel City Plaza,"Near Laxmi Nagar, Delhi",Delhi,32941000,1257,65% off,65,YES,7
Collection O 811248 Hotel Crystal Stay,"old Arjun Nagar, Delhi",Delhi,32941000,1705,65% off,38,YES,6
OYO 811030 Ocean Guest House,"Brij Puri, Delhi",Delhi,32941000,996,67% off,262,NO,8
OYO 804648 Hotel SP Deluxe ,"Near Gurudwara Shri Bangla Sahib, New Delhi",Delhi,32941000,1226,67% off,864,YES,4
Flagship Hansa Residency Near Akshardham,"Laxmi Nagar, Delhi",Delhi,32941000,852,69% off,18,NO,4
Flagship Hotel Dp Palace Near Jama Masjid,"Delhi, Delhi",Delhi,32941000,1449,59% off,12,YES,2
Flagship 18618 Ocean Blue Residency Near V3S Mall," A-14 Pridarshni Vihar Laxminagar, Delhi",Delhi,32941000,1943,65% off,5,YES,4
OYO The Chill Palace Near Haiderpur Metro Station,"North West Delhi, Delhi",Delhi,32941000,1314,67% off,141,YES,9
OYO Flagship 27928 Hotel Vintage ,"Near RK Ashram Metro station, Delhi",Delhi,32941000,1481,65% off,16,YES,7
OYO Flagship 805147 Hotel Sona International Near Gurudwara Shri Bangla Sahib,"Paharganj  near Delhi Railway Station)null, Delhi",Delhi,32941000,1360,65% off,33,YES,5
OYO Flagship 811430 Hotel Mayur Inn,"B-3 Near DA BLOCK SHALIMAR VILLAGE, Delhi",Delhi,32941000,1334,65% off,3,YES,8
OYO Hotel Emporio Near Jama Masjid,"Near Shela Cinema, DB Gupta Road, Delhi",Delhi,32941000,989,64% off,82,NO,1
OYO Flagship 66745 Le Orange,"8880-81, Gali Number 2, Multani Dhanda, Paharganj, New Delhi, Delhi - 110055",Delhi,32941000,696,79% off,141,NO,8
Flagship Deva Guest House Near Johari Enclave Metro Station,"Ganga Enclave Delhi, Delhi",Delhi,32941000,1360,65% off,65,YES,9
OYO Flagship 811181 Golden Key Inn,"plot no 341 Shalimar village opposite railway live, Delhi",Delhi,32941000,2048,67% off,12,YES,7
OYO Flagship R K Residency Near Jhilmil Metro Station,"488/5a Mcd Primary School Dilshad Garden, Delhi",Delhi,32941000,632,75% off,22,NO,6
OYO Hotel Emporio Near Jama Masjid,"Near Shela Cinema, DB Gupta Road, Delhi",Delhi,32941000,909,67% off,125,NO,9
Flagship Hansa Residency Near Akshardham,"Laxmi Nagar, Delhi",Delhi,32941000,2306,67% off,33,YES,7
OYO Flagship 805147 Hotel Sona International Near Gurudwara Shri Bangla Sahib,"Paharganj  near Delhi Railway Station)null, Delhi",Delhi,32941000,2190,70% off,72,YES,9
OYO Flagship 83552 Anchal Guest House,"India, Delhi",Delhi,32941000,2048,67% off,38,YES,1
Collection O 811806 Orange Saffron,"Shakurpurnull, Delhi",Delhi,32941000,799,75% off,132,NO,9
OYO Hotel Town ,Near Karol bagh metro station,Delhi,32941000,1470,69% off,191,YES,7
Flagship Deva Guest House Near Johari Enclave Metro Station,"Ganga Enclave Delhi, Delhi",Delhi,32941000,576,80% off,263,NO,7
Flagship Hotel Hans Dx Near Jama Masjid,"Paharganj  near Delhi Railway Station), Delhi",Delhi,32941000,1195,67% off,262,YES,3
Flagship Hotel Dp Palace Near Jama Masjid,"Delhi, Delhi",Delhi,32941000,1130,67% off,6,YES,1
SPOT ON Shyam Palace Near Gurudwara Shri Bangla Sahib,"Near R K Ashram Metro Station, Pahar Ganj, Delhi",Delhi,32941000,1817,65% off,9,YES,6
Capital O Hotel Sunberry,"New Delhi, Delhi",Delhi,32941000,859,71% off,62,NO,8
OYO 80168 Green Villa,"Near KOSMOS Hospital, Anand Vihar, Delhi C-61 Above SBI Bank",Delhi,32941000,1049,65% off,123,NO,7
Flagship 18618 Ocean Blue Residency Near V3S Mall," A-14 Pridarshni Vihar Laxminagar, Delhi",Delhi,32941000,626,73% off,1,NO,1
OYO Flagship 80919 Hotel Vinayaka Inn Near Gurudwara Shri Bangla Sahib,", Delhi",Delhi,32941000,1692,66% off,3577,YES,4
Flagship Hotel City Heart,"Paharganj , Delhi",Delhi,32941000,949,64% off,138,NO,2
OYO TOWNHOUSE  R K Residency Near Mother dairy gate no. 2,"Flat No 3 Near Fair Deal South Ganesh Nagar, Delhi",Delhi,32941000,1820,65% off,115,YES,9
Collection O Dayz Inn Deluxe Near Satyam Inox Patel Nagar,"B Block Lawrence Road Industrial Area Near Keshavpuram Fire Station Delhi 110035, Delhi",Delhi,32941000,449,86% off,270,NO,1
OYO Flagship 80818 Hotel Metro Inn Near Gurudwara Shri Bangla Sahib,"Aram Bagh Paharganj Delhi, Delhi",Delhi,32941000,1045,67% off,2846,NO,7
SPOT ON Hotel Silver Palace Dx,"Near RK ASHRAM METRO STATION, Pahar Ganj, Delhi",Delhi,32941000,1008,67% off,72,NO,2
SPOT ON 812212 Country Residency,"Laxmi Nagar, Delhi",Delhi,32941000,918,67% off,22,NO,4
Flagship Kashish Residency,"single storey, Delhi",Delhi,32941000,953,67% off,352,NO,6
OYO Townhouse 738 Family In,"Raj Block Naveen Shahdara Delhi, Delhi",Delhi,32941000,1130,64% off,1215,YES,2
Super OYO Collection O Shalimar Bagh Near Haiderpur Metro Station,"Shalimar Village, Delhi",Delhi,32941000,1668,67% off,3,YES,7
Flagship Hotel Signature Village,"Near KD Campus, Gali No. 6A, Gopalpur Village",Delhi,32941000,1793,64% off,2,YES,8
Flagship Good Will Near Haiderpur Metro Station,"Gobind Mohalla, Delhi",Delhi,32941000,1142,67% off,2,YES,1
OYO Flagship 84596 Hotel North Campus,"Civil Lines Tehsilnull, Delhi",Delhi,32941000,1788,65% off,1,YES,5
OYO Flagship 811530 Bed Box,"gali no 1 kamla nagar, Delhi",Delhi,32941000,1232,67% off,34,YES,3
Collection O Model Town Metro View Near Model Town Metro Station,"Near Model Town Metro Station, Delhi",Delhi,32941000,1262,64% off,7286,YES,6
OYO Flagship 79243 Hotel Greenwoods,"Paharganj, Delhi",Delhi,32941000,1036,67% off,324,NO,2
OYO Flagship 811844 Yes Sir Guest House,"PAHARGANJ, Delhi",Delhi,32941000,777,75% off,1945,NO,1
SPOT ON Jain House Near V3s Mall,"Near East Azad Nagar, Azadnagar, Delhi",Delhi,32941000,1747,65% off,1925,YES,7
OYO Flagship 811980 Hotel Rainbow,"Block A kewal park extension opposite metro pillar number 78 Azadpur Delhi 110033, Delhi",Delhi,32941000,688,72% off,1688,NO,4
Collection O 23641 Hotel Cozy Vibes Stay,"Near Inderlok Metro Station, Anandnagar, Delhi",Delhi,32941000,627,73% off,5595,NO,8
OYO Flagship 81175 Hotel Moon Stay,"New Delhi, Delhi",Delhi,32941000,909,67% off,1558,NO,3
Flagship Crown Town Guest House,"near by Mandoli Jail Back Side, Delhi",Delhi,32941000,1614,65% off,990,YES,9
OYO 811874 Hotel Maharaja,"Address- Shop No : 30-32-34 Old Market Main Bus Stand Timarpur Delhi 110054.  Opposite DTC Bus Stand, Delhi",Delhi,32941000,679,68% off,94,NO,7
OYO Flagship 812028 Brownie,"BS Colony Vishwas Nagar Delhi 110032, Delhi",Delhi,32941000,984,67% off,5054,NO,6
SPOT ON 812286 Shivam Guest House ,"3 Katra baryan laal Kuan farash khana Chandni chowk, Delhi",Delhi,32941000,1587,65% off,1555,YES,10
Flagship Mannat Residency Near Shiv Vihar Metro Station,"Near David School, Delhi",Delhi,32941000,1912,64% off,3064,YES,5
OYO Flagship 811723 Hotel Sai Ram,"Azadpur, Delhi",Delhi,32941000,1005,67% off,690,NO,4
Super OYO Townhouse 143 Hotel Royal Garden Near park Street Mullick bazar crossing,"Near Jameson Inn, Park St, Kolkata",Kolkata,19356000,1106,67% off,3237,YES,1
Flagship The Nest Inn Near Acropolis Mall,"Near Raj Market, Kolkata",Kolkata,19356000,2032,65% off,194,YES,5
Flagship Royal Plaza Near Acropolis Mall,"Near GST Bhawan, Ruby, Acropolis Mall",Kolkata,19356000,890,65% off,5158,NO,5
Collection O Hotel Hamza International Near Howrah Bridge,"Near College Street, MG Road, Kolkata",Kolkata,19356000,1086,67% off,1162,NO,6
Super OYO Townhouse 1050 Centre Point Inn Near Esplanade Metro Station,"Beside K C Das Sweet Esplanade Post Office, Kolkata",Kolkata,19356000,791,67% off,1684,NO,4
OYO Townhouse 229 Hotel Mannat International Near Science City Topsia,"Near Bypass Connector, Kolkata",Kolkata,19356000,1345,65% off,152,YES,4
Super OYO Collection O Ketan Regency Near Acropolis Mall,953 Purbachal Road adapt House Prince Park Kalikapur  in lane between Tata chroma showroom & Yamaha Moters Showroom,Kolkata,19356000,576,71% off,661,NO,6
Townhouse Oak Hotel Lake View Royal Near Science City,"East Topsia Road, Kolkata",Kolkata,19356000,1071,67% off,1732,NO,7
Flagship R A Homestay Near Acropolis Mall,"Nitai Nagar, Kolkata",Kolkata,19356000,990,67% off,2324,NO,7
Collection O 74257 Gokul Residency,"Near Emami City, Nagerbazar, Dum Dum, Kolkata",Kolkata,19356000,925,67% off,326,NO,9
Super OYO Collection O Hotel Green Leaf Near Acropolis Mall,"Kasba, Kolkata",Kolkata,19356000,696,76% off,1652,NO,6
Super OYO Townhouse 726 Hotel All In One Near City Centre Salt Lake,DL-34 Karunamoyee Near Anandalok Hospital Bidhannagar Saltlake,Kolkata,19356000,1380,67% off,1178,YES,1
OYO G R Hospitality,"VIP Road Baguihati Kolkata Airport Near Ladies Hostel, Narayantala",Kolkata,19356000,820,69% off,1063,NO,3
SPOT ON Silver Green Near Netaji Subhash Chandra Bose International Airport,"Mondal Ganthi Road, Kaikhali, VIP Road Kolkata 700052, West Bengal",Kolkata,19356000,1006,67% off,823,NO,7
OYO A Retro Near Rdb Cinemas,"Near Tank N0.3, New Town, Rajarhat, Kolkata",Kolkata,19356000,1753,65% off,695,YES,9
Super OYO Townhouse 75779 The Royal Retreat,"Kolkata International Airport, Belghoria Express Way Noapara & Baranagar Metro Station",Kolkata,19356000,1050,69% off,725,NO,4
OYO Kuber Residency Near Birla Mandir,"Near Tagore Park, Kasba, Kolkata",Kolkata,19356000,1241,65% off,756,YES,7
Collection O Aafreen Tower Near St. Thomas's Church,"Esplanade, Kolkata",Kolkata,19356000,1136,68% off,914,YES,5
Flagship Hotel Shanavi Chinar Park,"29/2 Sayan Abasan, Nishi Kanan, Beside AR Motors, Chinar Park, Kolkata",Kolkata,19356000,1458,64% off,17,YES,4
Flagship Sonar Bangla Guest House Near Acropolis Mall,"Near G S T Bhawan, Kolkata",Kolkata,19356000,576,80% off,1094,NO,7
Flagship Royal Palace,"Near Acropolis Mall, Purba Abasan, Kolkata",Kolkata,19356000,1071,67% off,189,NO,9
OYO Diamond Plaza Near Acropolis Mall,"Kasbah Northnull, Kolkata",Kolkata,19356000,955,67% off,81,NO,7
Flagship Hotel New Aamaze Inn Near Acropolis Mall,"Near Vivanta Hotel, Kolkata",Kolkata,19356000,777,75% off,822,NO,9
Flagship Delightful Stay Em Byepass Near Birla Mandir,"Uttar Panchanna Gram, Kolkata",Kolkata,19356000,1023,64% off,1807,NO,7
Super OYO Hr Inn Near City Centre Salt Lake,"Bidhannagar, Kolkata",Kolkata,19356000,1256,67% off,31,YES,3
Super OYO SilverKey Deshapriya Park Near Kalighat Kali Temple,"Near EDEN GROUP BUILDING, Manoharpukur, Kolkata",Kolkata,19356000,576,80% off,828,NO,3
OYO Fantasy Stay Near City Centre Salt Lake,"Near Sector 1, Bidhan Nagar, Kolkata",Kolkata,19356000,820,69% off,733,NO,5
Collection O De Sivalika Boutique Near Dakshineswar Kali Temple,"Grand Trunk Road, Belur Math,Kolkata",Kolkata,19356000,1050,69% off,556,NO,2
Flagship Majestic Inn Near Bidhanagar Station,"South Dumdum, Kolkata",Kolkata,19356000,816,67% off,54,NO,7
Collection O Premium Hotel ,"1/B/24, AL BLOCK, STREET NO.22,NEW TOWN, RAJARHAT, KOLKATA",Kolkata,19356000,1345,65% off,667,YES,10
Flagship Diamond Regency Near Birla Mandir,"Near Acropolis Mall, Kolkata",Kolkata,19356000,688,72% off,1318,NO,5
Flagship Hotel Dreamline Near Acropolis Mall,"Near Sbi E-cornernullnull, Kolkata",Kolkata,19356000,611,72% off,1188,NO,1
Collection O Motisarai Near Birla Mandir,"Off Park Street, Kolkata",Kolkata,19356000,1164,67% off,65,YES,3
OYO Pinnacle Auberge,Chinar Park Kolkata International Airport Beside Spencers Rajarhat Main Road,Kolkata,19356000,1084,67% off,649,NO,8
Capital O Fortune Inn Near Birla Mandir,"Kasba, Kolkata",Kolkata,19356000,2185,65% off,674,YES,4
Capital O Kabita Guest House Near Acropolis Mall,Mukundapur Main Road Seven Maddox Square Multi cuisine Restaurant Kolkata EM Bye Pass Opposite Dr. Devi Shetty Hospital,Kolkata,19356000,2082,65% off,68,YES,4
OYO Townhouse 567 MB International,"Beniapukur, Kolkata",Kolkata,19356000,746,67% off,349,NO,2
Flagship Hotel Divira Inn,"New Town, Kolkata",Kolkata,19356000,949,71% off,637,NO,7
Super OYO Sagorika Inn,Chinarpark Amenia; Arsalan,Kolkata,19356000,549,86% off,497,NO,7
Capital O Hotel Gardenia Near Birla Mandir,"Near Laxminarayan Temple, Sarat Bose Road, Kolkata",Kolkata,19356000,1654,67% off,37,YES,3
Flagship Hotel Rockstar Near Birla Mandir,Kolkata Opposite Bangladesh High Commission) Near A.J.C Bose Flyover,Kolkata,19356000,1229,65% off,1165,YES,8
OYO Flagship Vicky Guest House Near City Centre Salt Lake,"Tcs Gitobitan, Kolkata",Kolkata,19356000,1458,64% off,117,YES,8
OYO Rooms 91148 Hotel Stay Inn,"Action Area I, Kolkata",Kolkata,19356000,1256,67% off,637,YES,2
Super OYO Townhouse 095 Akash Ganga Park Circus Near Birla Mandir,"Beniapukur, Kolkata",Kolkata,19356000,1030,67% off,1115,NO,5
Super OYO Trisha Guest House,"Behind New Life Nurshing Home, Oppssite Arati cinema, Sahabagan, Kolkata",Kolkata,19356000,1413,65% off,35,YES,6
Flagship Santoshi Banquet And Marriage Hall Near St. Thomas's Church,"Kulia, Kolkata",Kolkata,19356000,1339,67% off,489,YES,4
OYO Starlight Guest House Near Birla Mandir,"Shantipally Near Acropolis Mall, Kolkata",Kolkata,19356000,1636,65% off,51,YES,9
Super OYO Capital O 700752 Hotel Dak Plaza,"Near Axis Mall, CE Block, Newtown, Kolkata 700156",Kolkata,19356000,993,67% off,1299,NO,10
OYO Flagship 86727 New Diamond Palace,"Kolkata 700107, Kolkata",Kolkata,19356000,1334,72% off,94,YES,2
Collection O Hotel Paradise Near Chinar Park,"Kolkata West Bengal Kolkata, Kolkata",Kolkata,19356000,816,67% off,349,NO,5
OYO Hotel City Of Joy,"Salt Lake, Kolkata",Kolkata,19356000,2082,65% off,17,YES,8
OYO Red Velvet Classic Near Netaji Subhash Chandra Bose International Airport,Kaikhali Above IndusInd Bank ATM Kolkata International Airport 02 Hotel VIP Road,Kolkata,19356000,1084,67% off,394,NO,2
OYO Flagship Monurama Homestay Near Acropolis Mall,"Purba Diganta, Kolkata",Kolkata,19356000,2185,65% off,32,YES,3
OYO Green Leaf Hospitality Near City Centre Salt Lake,FD 390 SECTOR 3 SALT LAKE CENTRAL PARK MANI SQUARE CITY CENTRE 1,Kolkata,19356000,929,70% off,28,NO,6
Flagship Relax View Dumdum Park Near City Centre Salt Lake,"Dum Dum Park, Kolkata",Kolkata,19356000,1213,67% off,117,YES,8
"Super OYO 22566 Red Velvet Inn Near Chinar park,Airport","Near Chinar Park, Backside of NPG Hotel, Opposite Charnock Hospital",Kolkata,19356000,1156,67% off,35,YES,4
Capital O Krish Residency,"Near Action Area I, New Town Bus Stand DLF1, Kolkata, West Bengal",Kolkata,19356000,1023,64% off,674,NO,10
Collection O Avenue Inn Near VIP Road,"288/2 Bangur Avenue Block B, Near Bangur Swimming Pool Jessore Road Diamond Plaza Mall Nagerbazar ",Kolkata,19356000,1126,65% off,189,YES,1
Super OYO Flagship 89087 Brill Rooms Saltlake City Centre,"Saltlake, Kolkata",Kolkata,19356000,1426,65% off,235,YES,9
Super OYO Collection O The Coco Inn Near South City Mall,"Near 13C Bus Stand, Regent Estate, Kolkata",Kolkata,19356000,929,67% off,20,NO,3
Flagship Kalighat,"Near Raja Santosh Road, Alipore, Kolkata",Kolkata,19356000,1257,65% off,141,YES,7
Flagship R A Homestay Near Acropolis Mall,"Nitai Nagar, Kolkata",Kolkata,19356000,1323,68% off,34,YES,6
Collection O Hotel Paradise Near Chinar Park,"Kolkata West Bengal Kolkata, Kolkata",Kolkata,19356000,949,61% off,141,NO,5
OYO Flagship 812089 Laxmi Guest House Jadavpur,"46 Raja S.C.Mallick Road  Raja S.C Mallick Road, Kolkata",Kolkata,19356000,878,67% off,142,NO,10
Flagship Hotel Dreamline Near Acropolis Mall,"Near Sbi E-cornernullnull, Kolkata",Kolkata,19356000,3114,65% off,60,YES,6
OYO Padmavati Projects Pvt Ltd Near Netaji Subhash Chandra Bose International Airport,"Biswa Bangla Sarani Behind Binany Building, Chinar Park, Beside NPG Hotel, Nibedita Apartment , Kolkata 700157",Kolkata,19356000,1474,68% off,474,YES,5
Collection O 811014 Hotel Wow,"SALT LAKE, Kolkata",Kolkata,19356000,1023,64% off,345,NO,10
Flagship Priyangshu Inn,"Madhurdaha, Kolkata",Kolkata,19356000,1188,65% off,1299,YES,6
Flagship Relax View Dumdum Park Near City Centre Salt Lake,"Dum Dum Park, Kolkata",Kolkata,19356000,1034,67% off,32,NO,10
Collection O Avenue Inn Near VIP Road,"288/2 Bangur Avenue Block B, Near Bangur Swimming Pool Jessore Road Diamond Plaza Mall Nagerbazar ",Kolkata,19356000,1339,65% off,19,YES,3
OYO Flagship 812161 Hotel Asha Inn,"BIDHANNAGAR, Kolkata",Kolkata,19356000,1041,65% off,397,NO,2
Super OYO Capital O 700752 Hotel Dak Plaza,"Near Axis Mall, CE Block, Newtown, Kolkata 700156",Kolkata,19356000,1463,64% off,165,YES,10
OYO Pinnacle Auberge,Chinar Park Kolkata International Airport Beside Spencers Rajarhat Main Road,Kolkata,19356000,1314,72% off,619,YES,10
OYO Maa Tara Guest House Near Acropolis Mall,"Near R.N.Tagore Hospital, Nitainagar, Kolkata",Kolkata,19356000,1680,65% off,125,YES,3
Flagship Hmb Guest House Near Salt Lake,"Sector II Salt lake water tank no 8, Kolkata",Kolkata,19356000,1660,64% off,7,YES,4
Flagship Hotel Red Rose Near Noapara Metro Station,"Dum Dum, Kolkata",Kolkata,19356000,1334,65% off,141,YES,3
OYO Townhouse 444 Heera Holiday Inn Near St. Thomas's Church,"51,Elliot Road Park Street Near Assembly Of God Church Adjacent 144668:1076985",Kolkata,19356000,1156,68% off,141,YES,4
Collection O Kyd Guest House Near Indian Museum,"700001, Kolkata",Kolkata,19356000,1698,65% off,34,YES,10
SPOT ON 812338 Om Palace Guest House,"Near Jalsaghar Netaji Nagar, Kolkata",Kolkata,19356000,2082,65% off,35,YES,4
OYO Ma Kali Guest House Near City Centre Salt Lake,"Near FD Block, Bidhannagar, Kolkata",Kolkata,19356000,1329,65% off,428,YES,3
OYO Flagship 90803 Sweet Grove,"Sector V, Kolkata",Kolkata,19356000,626,79% off,394,NO,10
OYO The Olive Near City Centre Salt Lake,"Near Bus Stand, Anandaloke Hospital, Cl Block, Kolkata",Kolkata,19356000,1308,65% off,621,YES,10
OYO Hotel Maruti Lodging,"Above Reliance Trends, Raghunathpur, Kolkata",Kolkata,19356000,599,82% off,158,NO,9
Flagship Kalighat,"Near Raja Santosh Road, Alipore, Kolkata",Kolkata,19356000,599,77% off,42,NO,2
Collection O 811014 Hotel Wow,"SALT LAKE, Kolkata",Kolkata,19356000,949,68% off,61,NO,3
OYO Flagship 805260 Saltlake Palace,"Salt Lakenull, Kolkata",Kolkata,19356000,1252,67% off,8,YES,1
Flagship Amaris Stay Hub Near Science City,"171D/1F/2, 49 Picnic Garden Road, VIP Bazar, Off EM Bypass, Near Science City",Kolkata,19356000,699,80% off,80,NO,8
Flagship Nayak Palace Inn Near Birla Mandir,"Ballygunge, Kolkata",Kolkata,19356000,1099,67% off,343,NO,1
OYO Hotel Nest Near St. Thomas's Church,"Near Bata More, Royd Street, Kolkata",Kolkata,19356000,1437,67% off,5,YES,3
OYO Flagship 76211 Honey Regency Near City Centre Salt Lake,"E C Block, Kolkata",Kolkata,19356000,850,67% off,334,NO,4
Collection O 81128 Enigma,"Ballygunge, Kolkata",Kolkata,19356000,1087,67% off,55,NO,4
OYO Flagship 812161 Hotel Asha Inn,"BIDHANNAGAR, Kolkata",Kolkata,19356000,729,67% off,195,NO,7
Collection O Kyd Guest House Near Indian Museum,"700001, Kolkata",Kolkata,19356000,925,67% off,209,NO,2
Flagship Hotel Red Rose Near Noapara Metro Station,"Dum Dum, Kolkata",Kolkata,19356000,815,67% off,74,NO,7
OYO Townhouse 444 Heera Holiday Inn Near St. Thomas's Church,"51,Elliot Road Park Street Near Assembly Of God Church Adjacent 144668:1076985",Kolkata,19356000,811,67% off,245,NO,4
Flagship Swastik Inn Near South City Mall,"Poddar Nagar, Kolkata",Kolkata,19356000,1441,67% off,260,YES,3
OYO Flagship 76629 Bimla Regency Near Noapara Metro Station,"Police Station, Dum Dum, Kolkata",Kolkata,19356000,929,67% off,604,NO,8
OYO Flagship 812443 MRS Inn,"Sector III, Kolkata",Kolkata,19356000,1199,57% off,3,YES,9
OYO Padmavati Projects Pvt Ltd Near Netaji Subhash Chandra Bose International Airport,"Biswa Bangla Sarani Behind Binany Building, Chinar Park, Beside NPG Hotel, Nibedita Apartment , Kolkata 700157",Kolkata,19356000,749,89% off,6,NO,1
OYO Pallyshree Guest House,"Jyangra Sani Mandir, Baguiati Jora Mandir Chinar Park VIP Road Raghunathpur, Kolkata International Airport",Kolkata,19356000,616,89% off,7,NO,5
Oyo Townhouse 92944 Hotel Pan Asia International,"Jatin Das Road, Kolkata",Kolkata,19356000,818,50% off,144,NO,7
OYO Flagship Hotel The Buddha Fooding And Lodging,"Near Samabayika Behala, Kolkata",Kolkata,19356000,701,65% off,7398,NO,6
Super OYO Townhouse Hotel Vrindavan,"AA-027 Salt Lake Sector 1 1st Cross Road PNB Island Bus Stop Bidhannagar Ultadanga Kolkata 700064, West Bengal",Kolkata,19356000,924,53% off,7,NO,6
Collection O Rest In Near Saltlake,"Near Newtown Bus stand , Kolkata",Kolkata,19356000,742,37% off,127,NO,2
Flagship 78299 White Stone Hospitality,Aminia Restaurant Back Side Chinar Park Crossing Great Eastern Kolkata Airport,Kolkata,19356000,957,53% off,161,NO,8
Collection O 812085 Hotel 7dayz Inn Near City Centre 2,"West Bengal, Kolkata",Kolkata,19356000,1013,24% off,69,NO,7
Collection O 812607 Hotel G.N Palace,"Bara Bazar, Kolkata",Kolkata,19356000,974,55% off,107,NO,6
Flagship Divya Jyoti Inn Near RDB Cinemas,"AI 87 Street No 23 Action Area 1 Newtown, Rajarhat",Kolkata,19356000,743,11% off,77,NO,5
OYO Flagship 70403 Chinar Inn,"Behind Shree Shree Bholanath Kali Temple, Kolkata",Kolkata,19356000,839,56% off,130,NO,4
OYO Hotel Padmavati Near Netaji Subhash Chandra Bose International Airport,"Biswa Bangla Sarani Behind Binany Building, Chinar Park, Beside NPG Hotel, Nibedita Apartment , Kolkata 700157",Kolkata,19356000,882,33% off,24,NO,7
OYO Flagship 81584 Hotel Swagatam,"Rajarhat, Kolkata",Kolkata,19356000,740,35% off,129,NO,4
Collection O 64870 Hotel Holiday Science City,SANJHA CHULHA RESTAURANT SCIENCE CITY EM BYE PASS,Kolkata,19356000,775,16% off,1,NO,1
OYO Comfort Stays,"Rajarhat, Kolkata",Kolkata,19356000,636,53% off,35,NO,8
Flagship Heritage Inn Near City Centre Salt Lake,"Salt Lake, Kolkata",Kolkata,19356000,679,24% off,22,NO,5
OYO Flagship 78267 City Inn,Avisar Spencer Kalikapur,Kolkata,19356000,828,28% off,16,NO,9
Collection O 76651 Dovers Inn,"Opp Gariahat Police Station, Kolkata",Kolkata,19356000,918,42% off,23,NO,3
Capital O Hotel Heritage Near VIP Road,"VIP Rd, Beside Spandhan Hospital, Raghunathpur, Tegharia Netaji International Airport, Rajarhat, Kolkata, West Bengal  700059",Kolkata,19356000,841,47% off,21,NO,5
Collection O Tulsi Palace,", Kolkata",Kolkata,19356000,670,53% off,53,NO,9
OYO Flagship 812166 Moon Regency ,"Sector 2, Kolkata",Kolkata,19356000,1082,35% off,671,NO,4
OYO Pratiksha Guest House Near City Centre Salt Lake,"Bangur Avenue Block B, Kolkata Kolkata West Bengal India 700055",Kolkata,19356000,969,11% off,234,NO,4
Townhouse 1210 Brill Rooms Inn,"Action Area 1A, Kolkata",Kolkata,19356000,1032,21% off,778,NO,6
Collection o 82136 Elite Stay,AL283 Al block salt lake sector 2 KOLKATA.,Kolkata,19356000,682,34% off,286,NO,2
OYO Flagship Trivedi Inn Near Ruby Hospital,"Kasba, Kolkata",Kolkata,19356000,911,59% off,104,NO,10
Super OYO Flagship Mourigram Near Andul Rd,"Howrah, Kolkata",Kolkata,19356000,695,49% off,757,NO,3
Flagship Sammy Hospitality,"Salt Lake, Kolkata",Kolkata,19356000,931,43% off,527,NO,6
Flagship Ankita Guest House,"Near Gst Bhawan, Kolkata",Kolkata,19356000,1047,66% off,371,NO,7
OYO Karunamoyee Guest House Near City Centre Salt Lake,"Karunamoyee Bus Terminal, Bidhannagar, Kolkata",Kolkata,19356000,891,26% off,514,NO,4
OYO Smriti Villa Residency,"Sector IIInull, Kolkata",Kolkata,19356000,1074,11% off,710,NO,1
OYO Sima Inn Guest House Near City Centre Salt Lake,"Near Near Salt Lake, Sector 2, Kolkata",Kolkata,19356000,668,30% off,769,NO,7
Flagship Chinar Heavens Near Netaji Subhash Chandra Bose International Airport,"AS/267, KAIKHALI, CHINAR PARK, P.O. - AIRPORT, KOLKATA - 700052",Kolkata,19356000,929,41% off,397,NO,3
Flagship Scholars Motel  guest House) Near St. Thomas's Church,"Esplanade, Kolkata",Kolkata,19356000,1092,50% off,888,NO,4
Flagship H B Guest House,"Near Ruby Hospital, Kolkata",Kolkata,19356000,1053,48% off,454,NO,10
OYO Smriti Villa Near City Centre Salt Lake,"GD-138, GD MARKET, Near NIH, Salt Lake",Kolkata,19356000,726,26% off,647,NO,9
SPOT ON Swapna Guest House Near Birla Mandir,"1 No Hatgachia Dhapa Road Kolkata Behind Itc Sonar Bangla Hotel And Beside Milan Mela Prangan, Kolkata",Kolkata,19356000,705,10% off,644,NO,5
Flagship 7 Div Guest House Near City Centre Salt Lake,"CK 109 Near Saltlake Sector 2, 9 No Water Tank  Karunamayee Bus Stop",Kolkata,19356000,932,47% off,623,NO,1
Flagship New Silver Inn,"Near Tagore Park, Tijala, Kolkata",Kolkata,19356000,823,10% off,512,NO,5
Flagship Tinker Bell Near Acropolis Mall,"Mukundapur, Kolkata",Kolkata,19356000,796,69% off,716,NO,5
OYO Flagship Hotel Suleman Palace Near St. Thomas's Church,"Bux Lane, Kolkata",Kolkata,19356000,1020,56% off,108,NO,1
Flagship Rakhakali Guest House Fooding And Loding,"near Shalimar station ticket counter , Kolkata",Kolkata,19356000,825,34% off,161,NO,4
Flagship Kajali Guest House Near Birla Mandir,"Near Bosepukur, Kasba, Kolkata",Kolkata,19356000,897,25% off,289,NO,8